<?xml version="1.0" encoding="UTF-8"?>
<beans xmlns="http://www.springframework.org/schema/beans"
	xmlns:xsi="http://www.w3.org/2001/XMLSchema-instance"
	xmlns:context="http://www.springframework.org/schema/context"
	xsi:schemaLocation="
	http://www.springframework.org/schema/beans
	http://www.springframework.org/schema/beans/spring-beans.xsd
	http://www.springframework.org/schema/context
	http://www.springframework.org/schema/context/spring-context-4.2.xsd">
	<context:property-placeholder location="/setting.properties"/>
	<bean id="Transform"
		class="com.iot.platform.storm.helper.Transform">
	</bean>
	<bean id="HBCollectionCreate"
		class="com.iot.platform.storm.bolt.schema.HBCollectionCreate">
	</bean>
	<bean id="HBSchemaInsert"
		class="com.iot.platform.storm.bolt.schema.HBSchemaInsert">
	</bean>
	<bean id="ShecmaDuplicateCheck"
		class="com.iot.platform.storm.bolt.schema.ShecmaDuplicateCheck">
	</bean>
	<bean id="SolrCollectionCreate"
		class="com.iot.platform.storm.bolt.schema.SolrCollectionCreate">
	</bean>
	<bean id="HBCollectionInsert"
		class="com.iot.platform.storm.bolt.collection.HBCollectionInsert">
	</bean>
	<bean id="HBRowDuplicateCheck"
		class="com.iot.platform.storm.bolt.collection.HBRowDuplicateCheck">
	</bean>
	<bean id="HBRowKeyMake"
		class="com.iot.platform.storm.bolt.collection.HBRowKeyMake">
	</bean>
	<bean id="SolrCollectionUpdate"
		class="com.iot.platform.storm.bolt.collection.SolrCollectionUpdate">
	</bean>
	<bean id="XmlMapper"
		class="com.iot.platform.storm.helper.XmlMapper">
	</bean>
	<bean id="TridentKafkaSpout"
		class="com.iot.platform.storm.helper.TridentKafkaSpout">
		<property name="zk_host" value="${zk.hosts}"/>
	</bean>
	<bean id="MainTopology"
		class="MainTopology">
		<property name="kafka_topic_prefix" value="${kafka.topic.prefix}"/>
		<property name="debug" value="${config.debug}"/>
		<property name="storm_cloud_mode" value="${storm.cloud.mode}"/>
	</bean>
	<bean id="HBaseService"
		class="com.iot.platform.storm.service.HBaseService">
		<constructor-arg value="${zk.hosts}"/>
        <constructor-arg value="${zk.port}"/>
        <constructor-arg value="${hbase.zk.znode.parent}"/>
	</bean>
	<bean id="SolrService"
		class="com.iot.platform.storm.service.SolrService">
		<constructor-arg value="${solr.host}"/>
        <constructor-arg value="${solr.port}"/>
		<property name="base_config_set_name" value="${solr.base.config.set.name}"/>
	</bean>
	<bean id="HdfsService"
		class="com.iot.platform.storm.service.HdfsService">
		<property name="HDFS_URI" value="${hdfs.uri}"/>
		<property name="MachineTypePath" value="${machine.typepath}"/>
		<property name="writeUser" value="${hdfs.user}"/>
		<property name="hdfsWebPrefix" value="${hdfs.web.uri.prefix}"/>
		<property name="hdfsWebEnd" value="${hdfs.web.uri.end}"/>
	</bean>
	<bean id="KafkaConfig"
		class="com.iot.platform.storm.helper.KafkaConfig" scope="prototype">
		<property name="kafka_ignore_offset" value="${kafka.ignore.offset}"/>
		<property name="bufferSizeMultiple" value="4"/>
		<property name="fetchMultiple" value="4"/>
		<property name="socketTimeoutMs" value="10000"/>
		<property name="fetchMaxWait" value="5000"/>
	</bean>
</beans>
