<topology>
  <streams>
    <stream>
      <kafaka-topic>topic-schema</kafaka-topic>
      <nodes>
        <node name="KafkaSpout" bean="KafkaSpout" type="spout"></node>
        <node name="Transform" bean="Transform" type="function">
          <in-field>str</in-field>
          <out-field>key,value,start_time_storm</out-field>
        </node>
        <node name="ShecmaDuplicateCheck" bean="ShecmaDuplicateCheck" type="filter">
          <in-field>value</in-field>
          <out-field></out-field>
        </node>
        <node name="HBSchemaInsert" bean="HBSchemaInsert"  type="function">
          <in-field>value</in-field>
          <out-field></out-field>
        </node>
        <node name="HBCollectionCreate" bean="HBCollectionCreate" type="function">
          <in-field>value</in-field>
          <out-field></out-field>
        </node>
        <node name="SolrCollectionCreate" bean="SolrCollectionCreate" type="function">
          <in-field>value</in-field>
          <out-field></out-field>
        </node>
      </nodes>
      <edges>
        <edge from="KafkaSpout" to="Transform"></edge>
        <edge from="Transform" to="ShecmaDuplicateCheck"></edge>
        <edge from="ShecmaDuplicateCheck" to="HBSchemaInsert"></edge>
        <edge from="ShecmaDuplicateCheck" to="HBCollectionCreate"></edge>
        <edge from="ShecmaDuplicateCheck" to="SolrCollectionCreate"></edge>
      </edges>
      <parallelismHint>1</parallelismHint>
    </stream>
    <stream>
      <kafaka-topic>topic-collection</kafaka-topic>
      <nodes>
        <node name="KafkaSpout" bean="KafkaSpout" type="spout"></node>
        <node name="Transform" bean="Transform" type="function">
          <in-field>str</in-field>
          <out-field>key,value,start_time_storm</out-field>
        </node>
        <node name="HBRowKeyMake" bean="HBRowKeyMake" type="function">
          <in-field>value</in-field>
          <out-field>rowKey,json</out-field>
        </node>
        <node name="HBRowDuplicateCheck" bean="HBRowDuplicateCheck"  type="filter">
          <in-field>value,rowKey</in-field>
          <out-field></out-field>
        </node>
        <node name="SolrCollectionUpdate" bean="SolrCollectionUpdate" type="function">
          <in-field>value,rowKey,json</in-field>
          <out-field></out-field>
        </node>
        <node name="HBCollectionInsert" bean="HBCollectionInsert" type="function">
          <in-field>value,start_time_storm,rowKey</in-field>
          <out-field></out-field>
        </node>
      </nodes>
      <edges>
        <edge from="KafkaSpout" to="Transform"></edge>
        <edge from="Transform" to="HBRowKeyMake"></edge>
        <edge from="HBRowKeyMake" to="HBRowDuplicateCheck"></edge>
        <edge from="HBRowDuplicateCheck" to="SolrCollectionUpdate"></edge>
        <edge from="HBRowDuplicateCheck" to="HBCollectionInsert"></edge>
      </edges>
      <parallelismHint>6</parallelismHint>
    </stream>
  </streams>
</topology>
