<?xml version="1.0" encoding="UTF-8"?>

<!--
  Gora Mapping file for HBase Backend
-->
<gora-otd>
  <table name="Pageview"> <!-- optional descriptors for tables -->
    <family name="common"/> <!-- This can also have params like compression, bloom filters -->
    <family name="http"/>
    <family name="misc"/>
  </table>

  <class name="org.apache.gora.tutorial.log.generated.Pageview" keyClass="java.lang.Long" table="AccessLog">
    <field name="url" family="common" qualifier="url"/>
    <field name="timestamp" family="common" qualifier="timestamp"/>
    <field name="ip" family="common" qualifier="ip" />
    <field name="httpMethod" family="http" qualifier="httpMethod"/>
    <field name="httpStatusCode" family="http" qualifier="httpStatusCode"/>
    <field name="responseSize" family="http" qualifier="responseSize"/>
    <field name="referrer" family="misc" qualifier="referrer"/>
    <field name="userAgent" family="misc" qualifier="userAgent"/>
  </class>
    <table name="webpage">
        <family name="p" maxVersions="1"/>
        <family name="f" maxVersions="1"/>
        <family name="s" maxVersions="1"/>
        <family name="il" maxVersions="1"/>
        <family name="ol" maxVersions="1"/>
        <family name="stm" maxVersions="1"/>
        <family name="h" maxVersions="1"/>
        <family name="mtdt" maxVersions="1"/>
        <family name="mk" maxVersions="1"/>
    </table>
    <class table="webpage" keyClass="java.lang.String" name="org.apache.nutch.storage.WebPage">

        <!-- fetch fields                                       -->
        <field name="baseUrl" family="f" qualifier="bas"/>
        <field name="status" family="f" qualifier="st"/>
        <field name="prevFetchTime" family="f" qualifier="pts"/>
        <field name="fetchTime" family="f" qualifier="ts"/>
        <field name="fetchInterval" family="f" qualifier="fi"/>
        <field name="retriesSinceFetch" family="f" qualifier="rsf"/>
        <field name="reprUrl" family="f" qualifier="rpr"/>
        <field name="content" family="f" qualifier="cnt"/>
        <field name="contentType" family="f" qualifier="typ"/>
        <field name="protocolStatus" family="f" qualifier="prot"/>
        <field name="modifiedTime" family="f" qualifier="mod"/>
        <field name="prevModifiedTime" family="f" qualifier="pmod"/>
        <field name="batchId" family="f" qualifier="bid"/>
     	<field name="sitemaps" family="stm"/>


        <!-- parse fields                                       -->
        <field name="title" family="p" qualifier="t"/>
        <field name="text" family="p" qualifier="c"/>
        <field name="parseStatus" family="p" qualifier="st"/>
        <field name="signature" family="p" qualifier="sig"/>
        <field name="prevSignature" family="p" qualifier="psig"/>

        <!-- score fields                                       -->
        <field name="score" family="s" qualifier="s"/>
        <field name="stmPriority" family="s" qualifier="sp"/>

        <field name="headers" family="h"/>
        <field name="inlinks" family="il"/>
        <field name="outlinks" family="ol"/>
        <field name="metadata" family="mtdt"/>
        <field name="markers" family="mk"/>
    </class>

    <table name="urlinfo">
      <family name="i" maxVersions="1"/>
    </table>

    <class table="urlinfo" keyClass="java.lang.String" name="org.apache.nutch.storage.UrlInfo">
      <field name="seedUrl" family="i" qualifier="surl"/>
    </class>
</gora-otd>