<?xml version="1.0" encoding="UTF-8"?>
<project xmlns="http://maven.apache.org/POM/4.0.0" xmlns:xsi="http://www.w3.org/2001/XMLSchema-instance" xsi:schemaLocation="http://maven.apache.org/POM/4.0.0 http://maven.apache.org/maven-v4_0_0.xsd">
  <modelVersion>4.0.0</modelVersion>
  <groupId>com.iot.platform</groupId>
  <artifactId>iot-platform-storm</artifactId>
  <version>1.0</version>
  <build>
    <resources>
      <resource>
        <directory>conf/${package.environment}</directory>
        <includes>
          <include>**/*.properties</include>
        </includes>
      </resource>
      <resource>
        <filtering>true</filtering>
        <directory>src/main/resources</directory>
      </resource>
    </resources>
    <plugins>
      <plugin>
        <artifactId>maven-compiler-plugin</artifactId>
        <version>3.1</version>
        <configuration>
          <source>1.7</source>
          <target>1.7</target>
        </configuration>
      </plugin>
      <plugin>
        <artifactId>maven-assembly-plugin</artifactId>
        <executions>
          <execution>
            <id>make-assembly</id>
            <phase>package</phase>
            <goals>
              <goal>assembly</goal>
            </goals>
          </execution>
        </executions>
        <configuration>
          <appendAssemblyId>false</appendAssemblyId>
          <descriptorRefs>
            <descriptorRef>jar-with-dependencies</descriptorRef>
          </descriptorRefs>
          <archive>
            <manifest />
          </archive>
        </configuration>
      </plugin>
      <plugin>
        <artifactId>maven-shade-plugin</artifactId>
        <executions>
          <execution>
            <phase>package</phase>
            <goals>
              <goal>shade</goal>
            </goals>
            <configuration>
              <transformers>
                <transformer>
                  <manifestEntries>
                    <Main-Class>test</Main-Class>
                  </manifestEntries>
                </transformer>
                <transformer>
                  <resource>META-INF/spring.handlers</resource>
                </transformer>
                <transformer>
                  <resource>META-INF/spring.tooling</resource>
                </transformer>
                <transformer>
                  <resource>META-INF/spring.schemas</resource>
                </transformer>
              </transformers>
            </configuration>
          </execution>
        </executions>
        <configuration />
      </plugin>
    </plugins>
  </build>
  <profiles>
    <profile>
      <id>dev</id>
      <properties>
        <package.environment>dev</package.environment>
      </properties>
    </profile>
    <profile>
      <id>production</id>
      <properties>
        <package.environment>production</package.environment>
      </properties>
    </profile>
  </profiles>
  <dependencies>
    <dependency>
      <groupId>org.apache.storm</groupId>
      <artifactId>storm-core</artifactId>
      <version>1.0.2</version>
      <scope>provided</scope>
      <exclusions>
        <exclusion>
          <artifactId>logback-core</artifactId>
          <groupId>ch.qos.logback</groupId>
        </exclusion>
        <exclusion>
          <artifactId>logback-classic</artifactId>
          <groupId>ch.qos.logback</groupId>
        </exclusion>
        <exclusion>
          <artifactId>slf4j-log4j12</artifactId>
          <groupId>org.slf4j</groupId>
        </exclusion>
        <exclusion>
          <artifactId>kryo</artifactId>
          <groupId>com.esotericsoftware</groupId>
        </exclusion>
        <exclusion>
          <artifactId>clojure</artifactId>
          <groupId>org.clojure</groupId>
        </exclusion>
        <exclusion>
          <artifactId>log4j-api</artifactId>
          <groupId>org.apache.logging.log4j</groupId>
        </exclusion>
        <exclusion>
          <artifactId>log4j-core</artifactId>
          <groupId>org.apache.logging.log4j</groupId>
        </exclusion>
        <exclusion>
          <artifactId>log4j-slf4j-impl</artifactId>
          <groupId>org.apache.logging.log4j</groupId>
        </exclusion>
        <exclusion>
          <artifactId>log4j-over-slf4j</artifactId>
          <groupId>org.slf4j</groupId>
        </exclusion>
      </exclusions>
    </dependency>
  </dependencies>
  <properties>
    <project.reporting.outputEncoding>UTF-8</project.reporting.outputEncoding>
    <project.build.sourceEncoding>UTF-8</project.build.sourceEncoding>
  </properties>
</project>

